subject,predicate,object
https://registry.inspire.gv.at/codelist/SpecificHazardTypeValue/snowPressure,http://www.w3.org/2000/01/rdf-schema#seeAlso,national-technical
https://registry.inspire.gv.at/codelist/SpecificHazardTypeValue/tornado,http://purl.org/dc/terms/conformsTo,http://inspire.ec.europa.eu/applicationschema/nz-core
https://registry.inspire.gv.at/codelist/SpecificHazardTypeValue/snowAvalanche,http://www.w3.org/2004/02/skos/core#broader,https://registry.inspire.gv.at/codelist/SpecificHazardTypeValue/massWasting
https://registry.inspire.gv.at/codelist/SpecificHazardTypeValue/blindtromben,http://purl.org/dc/terms/conformsTo,http://inspire.ec.europa.eu/applicationschema/nz-core
https://registry.inspire.gv.at/codelist/SpecificHazardTypeValue/landslide,http://www.w3.org/ns/adms#status,http://inspire.ec.europa.eu/registry/status/valid
https://registry.inspire.gv.at/codelist/SpecificHazardTypeValue/blindtromben,http://www.w3.org/2004/02/skos/core#prefLabel,blindtromben
https://registry.inspire.gv.at/codelist/SpecificHazardTypeValue/fog,http://www.w3.org/1999/02/22-rdf-syntax-ns#type,http://www.w3.org/2004/02/skos/core#Concept
https://registry.inspire.gv.at/codelist/SpecificHazardTypeValue/rockfall,http://www.w3.org/2004/02/skos/core#inScheme,https://registry.inspire.gv.at/codelist/SpecificHazardTypeValue
https://registry.inspire.gv.at/codelist/SpecificHazardTypeValue/heatWave,http://www.w3.org/2000/01/rdf-schema#seeAlso,national-technical
https://registry.inspire.gv.at/codelist/SpecificHazardTypeValue/massWasting,http://purl.org/dc/terms/conformsTo,http://inspire.ec.europa.eu/applicationschema/nz-core
https://registry.inspire.gv.at/codelist/SpecificHazardTypeValue/snowPressure,http://www.w3.org/2004/02/skos/core#notation,snowPressure
https://registry.inspire.gv.at/codelist/SpecificHazardTypeValue/heavyRain,http://www.w3.org/1999/02/22-rdf-syntax-ns#type,http://www.w3.org/2004/02/skos/core#Concept
https://registry.inspire.gv.at/codelist/SpecificHazardTypeValue/wind,http://www.w3.org/2004/02/skos/core#notation,wind
https://registry.inspire.gv.at/codelist/SpecificHazardTypeValue/continuousRain,http://www.w3.org/2000/01/rdf-schema#seeAlso,national-technical
https://registry.inspire.gv.at/codelist/SpecificHazardTypeValue/fog,http://www.w3.org/2004/02/skos/core#inScheme,https://registry.inspire.gv.at/codelist/SpecificHazardTypeValue
https://registry.inspire.gv.at/codelist/SpecificHazardTypeValue/precipitation,http://www.w3.org/2004/02/skos/core#definition,All liquid or solid phase aqueous particles that originate in the atmosphere and fall to the earth's surface.
https://registry.inspire.gv.at/codelist/SpecificHazardTypeValue/groundSubsidence,http://www.w3.org/2000/01/rdf-schema#seeAlso,national-technical
https://registry.inspire.gv.at/codelist/SpecificHazardTypeValue,http://purl.org/dc/terms/description,An additional classification of the natural hazard.
https://registry.inspire.gv.at/codelist/SpecificHazardTypeValue/heavySnowfall,http://www.w3.org/2004/02/skos/core#inScheme,https://registry.inspire.gv.at/codelist/SpecificHazardTypeValue
https://registry.inspire.gv.at/codelist/SpecificHazardTypeValue/heavyRain,http://www.w3.org/2004/02/skos/core#broader,https://registry.inspire.gv.at/codelist/SpecificHazardTypeValue/precipitation
https://registry.inspire.gv.at/codelist/SpecificHazardTypeValue/fog,http://www.w3.org/2000/01/rdf-schema#seeAlso,national-technical
https://registry.inspire.gv.at/codelist/SpecificHazardTypeValue/landslide,http://www.w3.org/2004/02/skos/core#prefLabel,landslide
https://registry.inspire.gv.at/codelist/SpecificHazardTypeValue/mudflow,http://www.w3.org/ns/adms#status,http://inspire.ec.europa.eu/registry/status/valid
https://registry.inspire.gv.at/codelist/SpecificHazardTypeValue/mudflow,http://www.w3.org/2004/02/skos/core#inScheme,https://registry.inspire.gv.at/codelist/SpecificHazardTypeValue
https://registry.inspire.gv.at/codelist/SpecificHazardTypeValue/heavyRain,http://www.w3.org/2000/01/rdf-schema#seeAlso,national-technical
https://registry.inspire.gv.at/codelist/SpecificHazardTypeValue/massWasting,http://www.w3.org/2004/02/skos/core#prefLabel,mass wasting
https://registry.inspire.gv.at/codelist/SpecificHazardTypeValue/thunderstorm,http://www.w3.org/2004/02/skos/core#prefLabel,thunderstorm
https://registry.inspire.gv.at/codelist/SpecificHazardTypeValue/mudflow,http://www.w3.org/1999/02/22-rdf-syntax-ns#type,http://www.w3.org/2004/02/skos/core#Concept
https://registry.inspire.gv.at/codelist/SpecificHazardTypeValue/massWasting,http://www.w3.org/2004/02/skos/core#topConceptOf,https://registry.inspire.gv.at/codelist/SpecificHazardTypeValue
https://registry.inspire.gv.at/codelist/SpecificHazardTypeValue/heatWave,http://www.w3.org/2004/02/skos/core#definition,A period of abnormally and uncomfortably hot and usually humid weather.
https://registry.inspire.gv.at/codelist/SpecificHazardTypeValue/mudflow,http://www.w3.org/2000/01/rdf-schema#seeAlso,national-technical
https://registry.inspire.gv.at/codelist/SpecificHazardTypeValue/snowPressure,http://www.w3.org/2004/02/skos/core#inScheme,https://registry.inspire.gv.at/codelist/SpecificHazardTypeValue
https://registry.inspire.gv.at/codelist/SpecificHazardTypeValue/massWasting,http://www.w3.org/2004/02/skos/core#narrower,https://registry.inspire.gv.at/codelist/SpecificHazardTypeValue/mudflow
https://registry.inspire.gv.at/codelist/SpecificHazardTypeValue/coldWave,http://purl.org/dc/terms/subject,http://inspire.ec.europa.eu/theme/nz
https://registry.inspire.gv.at/codelist/SpecificHazardTypeValue/snowPressure,http://www.w3.org/1999/02/22-rdf-syntax-ns#type,http://www.w3.org/2004/02/skos/core#Concept
https://registry.inspire.gv.at/codelist/SpecificHazardTypeValue/hail,http://www.w3.org/2004/02/skos/core#notation,hail
https://registry.inspire.gv.at/codelist/SpecificHazardTypeValue/hail,http://www.w3.org/2004/02/skos/core#broader,https://registry.inspire.gv.at/codelist/SpecificHazardTypeValue/precipitation
https://registry.inspire.gv.at/codelist/SpecificHazardTypeValue,http://purl.org/dc/terms/title,Specific Hazard Type
https://registry.inspire.gv.at/codelist/SpecificHazardTypeValue/mudflow,http://www.w3.org/2004/02/skos/core#definition,mass of mud moving suddenly and quickly down a steep slope
https://registry.inspire.gv.at/codelist/SpecificHazardTypeValue/precipitation,http://purl.org/dc/terms/conformsTo,http://inspire.ec.europa.eu/applicationschema/nz-core
https://registry.inspire.gv.at/codelist/SpecificHazardTypeValue/hail,http://purl.org/dc/terms/conformsTo,http://inspire.ec.europa.eu/applicationschema/nz-core
https://registry.inspire.gv.at/codelist/SpecificHazardTypeValue/thunderstorm,http://purl.org/dc/terms/conformsTo,http://inspire.ec.europa.eu/applicationschema/nz-core
https://registry.inspire.gv.at/codelist/SpecificHazardTypeValue/tornado,http://www.w3.org/2000/01/rdf-schema#seeAlso,national-technical
https://registry.inspire.gv.at/codelist/SpecificHazardTypeValue/blindtromben,http://www.w3.org/2000/01/rdf-schema#seeAlso,national-technical
https://registry.inspire.gv.at/codelist/SpecificHazardTypeValue/heatWave,http://www.w3.org/1999/02/22-rdf-syntax-ns#type,http://www.w3.org/2004/02/skos/core#Concept
https://registry.inspire.gv.at/codelist/SpecificHazardTypeValue/massWasting,http://www.w3.org/2004/02/skos/core#inScheme,https://registry.inspire.gv.at/codelist/SpecificHazardTypeValue
https://registry.inspire.gv.at/codelist/SpecificHazardTypeValue/massWasting,http://www.w3.org/1999/02/22-rdf-syntax-ns#type,http://www.w3.org/2004/02/skos/core#Concept
https://registry.inspire.gv.at/codelist/SpecificHazardTypeValue/snowPressure,http://www.w3.org/2004/02/skos/core#definition,This refers to an excessive load of snow that damages the roof or the walls.
https://registry.inspire.gv.at/codelist/SpecificHazardTypeValue/massWasting,http://www.w3.org/2000/01/rdf-schema#seeAlso,national-technical
https://registry.inspire.gv.at/codelist/SpecificHazardTypeValue/blindtromben,http://www.w3.org/2004/02/skos/core#broader,https://registry.inspire.gv.at/codelist/SpecificHazardTypeValue/wind
https://registry.inspire.gv.at/codelist/SpecificHazardTypeValue/thunderstorm,http://www.w3.org/2004/02/skos/core#definition,"In general, a local storm, invariably produced by a cumulonimbus cloud and always accompanied by lightning and thunder, usually with strong gusts of wind, heavy rain, and sometimes with hail."
https://registry.inspire.gv.at/codelist/SpecificHazardTypeValue/continuousRain,http://www.w3.org/1999/02/22-rdf-syntax-ns#type,http://www.w3.org/2004/02/skos/core#Concept
https://registry.inspire.gv.at/codelist/SpecificHazardTypeValue/heatWave,http://www.w3.org/2004/02/skos/core#inScheme,https://registry.inspire.gv.at/codelist/SpecificHazardTypeValue
https://registry.inspire.gv.at/codelist/SpecificHazardTypeValue/precipitation,http://www.w3.org/2004/02/skos/core#narrower,https://registry.inspire.gv.at/codelist/SpecificHazardTypeValue/hail
https://registry.inspire.gv.at/codelist/SpecificHazardTypeValue/landslide,http://www.w3.org/2004/02/skos/core#inScheme,https://registry.inspire.gv.at/codelist/SpecificHazardTypeValue
https://registry.inspire.gv.at/codelist/SpecificHazardTypeValue/wind,http://www.w3.org/2004/02/skos/core#narrower,https://registry.inspire.gv.at/codelist/SpecificHazardTypeValue/gustnado
https://registry.inspire.gv.at/codelist/SpecificHazardTypeValue/gustnado,http://www.w3.org/ns/adms#status,http://inspire.ec.europa.eu/registry/status/valid
https://registry.inspire.gv.at/codelist/SpecificHazardTypeValue/heavySnowfall,http://www.w3.org/2004/02/skos/core#broader,https://registry.inspire.gv.at/codelist/SpecificHazardTypeValue/precipitation
https://registry.inspire.gv.at/codelist/SpecificHazardTypeValue/heavyRain,http://www.w3.org/2004/02/skos/core#inScheme,https://registry.inspire.gv.at/codelist/SpecificHazardTypeValue
https://registry.inspire.gv.at/codelist/SpecificHazardTypeValue/precipitation,http://www.w3.org/ns/adms#status,http://inspire.ec.europa.eu/registry/status/valid
https://registry.inspire.gv.at/codelist/SpecificHazardTypeValue,http://www.w3.org/2004/02/skos/core#hasTopConcept,https://registry.inspire.gv.at/codelist/SpecificHazardTypeValue/heatWave
https://registry.inspire.gv.at/codelist/SpecificHazardTypeValue/precipitation,http://www.w3.org/1999/02/22-rdf-syntax-ns#type,http://www.w3.org/2004/02/skos/core#Concept
https://registry.inspire.gv.at/codelist/SpecificHazardTypeValue/wind,http://purl.org/dc/terms/subject,http://inspire.ec.europa.eu/theme/nz
https://registry.inspire.gv.at/codelist/SpecificHazardTypeValue/snowPressure,http://www.w3.org/2004/02/skos/core#broader,https://registry.inspire.gv.at/codelist/SpecificHazardTypeValue/massWasting
https://registry.inspire.gv.at/codelist/SpecificHazardTypeValue/thunderstorm,http://www.w3.org/1999/02/22-rdf-syntax-ns#type,http://www.w3.org/2004/02/skos/core#Concept
https://registry.inspire.gv.at/codelist/SpecificHazardTypeValue/wind,http://www.w3.org/2004/02/skos/core#narrower,https://registry.inspire.gv.at/codelist/SpecificHazardTypeValue/tornado
https://registry.inspire.gv.at/codelist/SpecificHazardTypeValue/fluviatileErosion,http://www.w3.org/ns/adms#status,http://inspire.ec.europa.eu/registry/status/valid
https://registry.inspire.gv.at/codelist/SpecificHazardTypeValue/gustnado,http://www.w3.org/2004/02/skos/core#broader,https://registry.inspire.gv.at/codelist/SpecificHazardTypeValue/wind
https://registry.inspire.gv.at/codelist/SpecificHazardTypeValue/tornado,http://www.w3.org/2004/02/skos/core#notation,tornado
https://registry.inspire.gv.at/codelist/SpecificHazardTypeValue/gustnado,http://purl.org/dc/terms/conformsTo,http://inspire.ec.europa.eu/applicationschema/nz-core
https://registry.inspire.gv.at/codelist/SpecificHazardTypeValue/tornado,http://www.w3.org/2004/02/skos/core#inScheme,https://registry.inspire.gv.at/codelist/SpecificHazardTypeValue
https://registry.inspire.gv.at/codelist/SpecificHazardTypeValue/snowPressure,http://www.w3.org/2004/02/skos/core#prefLabel,snow pressure
https://registry.inspire.gv.at/codelist/SpecificHazardTypeValue/fluviatileErosion,http://www.w3.org/2004/02/skos/core#prefLabel,fluviatileErosion
https://registry.inspire.gv.at/codelist/SpecificHazardTypeValue/tornado,http://www.w3.org/1999/02/22-rdf-syntax-ns#type,http://www.w3.org/2004/02/skos/core#Concept
https://registry.inspire.gv.at/codelist/SpecificHazardTypeValue/thunderstorm,http://www.w3.org/2004/02/skos/core#inScheme,https://registry.inspire.gv.at/codelist/SpecificHazardTypeValue
https://registry.inspire.gv.at/codelist/SpecificHazardTypeValue/gustnado,http://purl.org/dc/terms/subject,http://inspire.ec.europa.eu/theme/nz
https://registry.inspire.gv.at/codelist/SpecificHazardTypeValue/blindtromben,http://www.w3.org/1999/02/22-rdf-syntax-ns#type,http://www.w3.org/2004/02/skos/core#Concept
https://registry.inspire.gv.at/codelist/SpecificHazardTypeValue/heatWave,http://www.w3.org/2004/02/skos/core#prefLabel,heat wave
https://registry.inspire.gv.at/codelist/SpecificHazardTypeValue/precipitation,http://www.w3.org/2000/01/rdf-schema#seeAlso,national-technical
https://registry.inspire.gv.at/codelist/SpecificHazardTypeValue/ductileFlow,http://www.w3.org/2004/02/skos/core#broader,https://registry.inspire.gv.at/codelist/SpecificHazardTypeValue/massWasting
https://registry.inspire.gv.at/codelist/SpecificHazardTypeValue/hail,http://www.w3.org/2000/01/rdf-schema#seeAlso,national-technical
https://registry.inspire.gv.at/codelist/SpecificHazardTypeValue/thunderstorm,http://www.w3.org/2000/01/rdf-schema#seeAlso,national-technical
https://registry.inspire.gv.at/codelist/SpecificHazardTypeValue/groundSubsidence,http://www.w3.org/2004/02/skos/core#broader,https://registry.inspire.gv.at/codelist/SpecificHazardTypeValue/massWasting
https://registry.inspire.gv.at/codelist/SpecificHazardTypeValue/massWasting,http://www.w3.org/2004/02/skos/core#narrower,https://registry.inspire.gv.at/codelist/SpecificHazardTypeValue/groundSubsidence
https://registry.inspire.gv.at/codelist/SpecificHazardTypeValue/tornado,http://www.w3.org/2004/02/skos/core#broader,https://registry.inspire.gv.at/codelist/SpecificHazardTypeValue/wind
https://registry.inspire.gv.at/codelist/SpecificHazardTypeValue/landslide,http://www.w3.org/2004/02/skos/core#notation,landslide
https://registry.inspire.gv.at/codelist/SpecificHazardTypeValue/massWasting,http://www.w3.org/2004/02/skos/core#notation,massWasting
https://registry.inspire.gv.at/codelist/SpecificHazardTypeValue/fluviatileErosion,http://purl.org/dc/terms/subject,http://inspire.ec.europa.eu/theme/nz
https://registry.inspire.gv.at/codelist/SpecificHazardTypeValue/flood,http://www.w3.org/2004/02/skos/core#definition,"Processes of inundation of usually dry (emerged) land, or temporary covering by water of land not normally covered by water."
https://registry.inspire.gv.at/codelist/SpecificHazardTypeValue/coldWave,http://www.w3.org/ns/adms#status,http://inspire.ec.europa.eu/registry/status/valid
https://registry.inspire.gv.at/codelist/SpecificHazardTypeValue/landslide,http://www.w3.org/1999/02/22-rdf-syntax-ns#type,http://www.w3.org/2004/02/skos/core#Concept
https://registry.inspire.gv.at/codelist/SpecificHazardTypeValue/precipitation,http://www.w3.org/2004/02/skos/core#topConceptOf,https://registry.inspire.gv.at/codelist/SpecificHazardTypeValue
https://registry.inspire.gv.at/codelist/SpecificHazardTypeValue/snowAvalanche,http://www.w3.org/ns/adms#status,http://inspire.ec.europa.eu/registry/status/valid
https://registry.inspire.gv.at/codelist/SpecificHazardTypeValue/gustnado,http://www.w3.org/1999/02/22-rdf-syntax-ns#type,http://www.w3.org/2004/02/skos/core#Concept
https://registry.inspire.gv.at/codelist/SpecificHazardTypeValue/ductileFlow,http://www.w3.org/ns/adms#status,http://inspire.ec.europa.eu/registry/status/valid
https://registry.inspire.gv.at/codelist/SpecificHazardTypeValue/continuousRain,http://www.w3.org/2004/02/skos/core#inScheme,https://registry.inspire.gv.at/codelist/SpecificHazardTypeValue
https://registry.inspire.gv.at/codelist/SpecificHazardTypeValue/continuousRain,http://www.w3.org/2004/02/skos/core#broader,https://registry.inspire.gv.at/codelist/SpecificHazardTypeValue/precipitation
https://registry.inspire.gv.at/codelist/SpecificHazardTypeValue,http://www.w3.org/2002/07/owl#versionInfo,1.0.0
https://registry.inspire.gv.at/codelist/SpecificHazardTypeValue/heavySnowfall,http://www.w3.org/2000/01/rdf-schema#seeAlso,national-technical
https://registry.inspire.gv.at/codelist/SpecificHazardTypeValue,http://www.w3.org/1999/02/22-rdf-syntax-ns#type,http://www.w3.org/2004/02/skos/core#ConceptScheme
https://registry.inspire.gv.at/codelist/SpecificHazardTypeValue,http://www.w3.org/2004/02/skos/core#hasTopConcept,https://registry.inspire.gv.at/codelist/SpecificHazardTypeValue/coldWave
https://registry.inspire.gv.at/codelist/SpecificHazardTypeValue/fog,http://www.w3.org/2004/02/skos/core#broader,https://registry.inspire.gv.at/codelist/SpecificHazardTypeValue/precipitation
https://registry.inspire.gv.at/codelist/SpecificHazardTypeValue/gustnado,http://www.w3.org/2004/02/skos/core#inScheme,https://registry.inspire.gv.at/codelist/SpecificHazardTypeValue
https://registry.inspire.gv.at/codelist/SpecificHazardTypeValue/ductileFlow,http://www.w3.org/2004/02/skos/core#notation,ductileFlow
https://registry.inspire.gv.at/codelist/SpecificHazardTypeValue/mudflow,http://www.w3.org/2004/02/skos/core#notation,mudflow
https://registry.inspire.gv.at/codelist/SpecificHazardTypeValue/precipitation,http://www.w3.org/2004/02/skos/core#inScheme,https://registry.inspire.gv.at/codelist/SpecificHazardTypeValue
https://registry.inspire.gv.at/codelist/SpecificHazardTypeValue/heavySnowfall,http://purl.org/dc/terms/conformsTo,http://inspire.ec.europa.eu/applicationschema/nz-core
https://registry.inspire.gv.at/codelist/SpecificHazardTypeValue/precipitation,http://www.w3.org/2004/02/skos/core#notation,precipitation
https://registry.inspire.gv.at/codelist/SpecificHazardTypeValue/thunderstorm,http://www.w3.org/2004/02/skos/core#broader,https://registry.inspire.gv.at/codelist/SpecificHazardTypeValue/precipitation
https://registry.inspire.gv.at/codelist/SpecificHazardTypeValue/wind,http://www.w3.org/2004/02/skos/core#prefLabel,wind
https://registry.inspire.gv.at/codelist/SpecificHazardTypeValue/flood,http://www.w3.org/2004/02/skos/core#notation,flood
https://registry.inspire.gv.at/codelist/SpecificHazardTypeValue/fluviatileErosion,http://www.w3.org/2004/02/skos/core#notation,fluviatileErosion
https://registry.inspire.gv.at/codelist/SpecificHazardTypeValue/rockfall,http://www.w3.org/2004/02/skos/core#broader,https://registry.inspire.gv.at/codelist/SpecificHazardTypeValue/massWasting
https://registry.inspire.gv.at/codelist/SpecificHazardTypeValue/fluviatileErosion,http://www.w3.org/2004/02/skos/core#inScheme,https://registry.inspire.gv.at/codelist/SpecificHazardTypeValue
https://registry.inspire.gv.at/codelist/SpecificHazardTypeValue/groundSubsidence,http://purl.org/dc/terms/subject,http://inspire.ec.europa.eu/theme/nz
https://registry.inspire.gv.at/codelist/SpecificHazardTypeValue/wind,http://www.w3.org/ns/adms#status,http://inspire.ec.europa.eu/registry/status/valid
https://registry.inspire.gv.at/codelist/SpecificHazardTypeValue/blindtromben,http://www.w3.org/2004/02/skos/core#inScheme,https://registry.inspire.gv.at/codelist/SpecificHazardTypeValue
https://registry.inspire.gv.at/codelist/SpecificHazardTypeValue/coldWave,http://www.w3.org/2004/02/skos/core#topConceptOf,https://registry.inspire.gv.at/codelist/SpecificHazardTypeValue
https://registry.inspire.gv.at/codelist/SpecificHazardTypeValue/snowAvalanche,http://www.w3.org/2004/02/skos/core#prefLabel,snow avalanche
https://registry.inspire.gv.at/codelist/SpecificHazardTypeValue/wind,http://www.w3.org/2004/02/skos/core#definition,Air in motion relative to the surface of the earth.
https://registry.inspire.gv.at/codelist/SpecificHazardTypeValue/ductileFlow,http://www.w3.org/2004/02/skos/core#prefLabel,ductile flow
https://registry.inspire.gv.at/codelist/SpecificHazardTypeValue,http://www.w3.org/2004/02/skos/core#hasTopConcept,https://registry.inspire.gv.at/codelist/SpecificHazardTypeValue/precipitation
https://registry.inspire.gv.at/codelist/SpecificHazardTypeValue/heavySnowfall,http://www.w3.org/1999/02/22-rdf-syntax-ns#type,http://www.w3.org/2004/02/skos/core#Concept
https://registry.inspire.gv.at/codelist/SpecificHazardTypeValue/heatWave,http://www.w3.org/2004/02/skos/core#notation,heatWave
https://registry.inspire.gv.at/codelist/SpecificHazardTypeValue/wind,http://purl.org/dc/terms/conformsTo,http://inspire.ec.europa.eu/applicationschema/nz-core
https://registry.inspire.gv.at/codelist/SpecificHazardTypeValue/coldWave,http://www.w3.org/2004/02/skos/core#inScheme,https://registry.inspire.gv.at/codelist/SpecificHazardTypeValue
https://registry.inspire.gv.at/codelist/SpecificHazardTypeValue/fog,http://www.w3.org/2004/02/skos/core#definition,Water droplets suspended in the atmosphere in the vicinity the earth's surface that affect visibility.
https://registry.inspire.gv.at/codelist/SpecificHazardTypeValue/massWasting,http://www.w3.org/2004/02/skos/core#definition,"the dislodgement and downslope transport of soil and rock material under the direct application of gravitational body stresses. In contrast to other erosion processes, the debris removed by mass wasting is not carried within, on, or under another medium. The mass properties of the material being transported depend on the interaction of the soil and rock particles and on the moisture content."
https://registry.inspire.gv.at/codelist/SpecificHazardTypeValue/coldWave,http://www.w3.org/1999/02/22-rdf-syntax-ns#type,http://www.w3.org/2004/02/skos/core#Concept
https://registry.inspire.gv.at/codelist/SpecificHazardTypeValue,http://www.w3.org/ns/adms#status,http://inspire.ec.europa.eu/registry/status/valid
https://registry.inspire.gv.at/codelist/SpecificHazardTypeValue/landslide,http://purl.org/dc/terms/conformsTo,http://inspire.ec.europa.eu/applicationschema/nz-core
https://registry.inspire.gv.at/codelist/SpecificHazardTypeValue/heavyRain,http://www.w3.org/2004/02/skos/core#notation,heavyRain
https://registry.inspire.gv.at/codelist/SpecificHazardTypeValue/snowAvalanche,http://www.w3.org/2004/02/skos/core#inScheme,https://registry.inspire.gv.at/codelist/SpecificHazardTypeValue
https://registry.inspire.gv.at/codelist/SpecificHazardTypeValue/hail,http://purl.org/dc/terms/subject,http://inspire.ec.europa.eu/theme/nz
https://registry.inspire.gv.at/codelist/SpecificHazardTypeValue/groundSubsidence,http://www.w3.org/2004/02/skos/core#prefLabel,Ground Subsidence
https://registry.inspire.gv.at/codelist/SpecificHazardTypeValue/heavySnowfall,http://www.w3.org/2004/02/skos/core#definition,Heavy Snowfall greater than or equal to 50 mm in past 24 hours
https://registry.inspire.gv.at/codelist/SpecificHazardTypeValue/precipitation,http://www.w3.org/2004/02/skos/core#narrower,https://registry.inspire.gv.at/codelist/SpecificHazardTypeValue/thunderstorm
https://registry.inspire.gv.at/codelist/SpecificHazardTypeValue/heavyRain,http://www.w3.org/2004/02/skos/core#definition,Rainfall greater than or equal to 50 mm in past 24 hours
https://registry.inspire.gv.at/codelist/SpecificHazardTypeValue/mudflow,http://www.w3.org/2004/02/skos/core#prefLabel,mudflow
https://registry.inspire.gv.at/codelist/SpecificHazardTypeValue/flood,http://www.w3.org/ns/adms#status,http://inspire.ec.europa.eu/registry/status/valid
https://registry.inspire.gv.at/codelist/SpecificHazardTypeValue/rockfall,http://purl.org/dc/terms/subject,http://inspire.ec.europa.eu/theme/nz
https://registry.inspire.gv.at/codelist/SpecificHazardTypeValue/snowAvalanche,http://www.w3.org/2004/02/skos/core#notation,snowAvalanche
https://registry.inspire.gv.at/codelist/SpecificHazardTypeValue/continuousRain,http://www.w3.org/2004/02/skos/core#definition,-
https://registry.inspire.gv.at/codelist/SpecificHazardTypeValue/precipitation,http://www.w3.org/2004/02/skos/core#narrower,https://registry.inspire.gv.at/codelist/SpecificHazardTypeValue/heavySnowfall
https://registry.inspire.gv.at/codelist/SpecificHazardTypeValue/wind,http://www.w3.org/1999/02/22-rdf-syntax-ns#type,http://www.w3.org/2004/02/skos/core#Concept
https://registry.inspire.gv.at/codelist/SpecificHazardTypeValue/fluviatileErosion,http://www.w3.org/2004/02/skos/core#definition,"Refers to the erosion, particle displacement (fluvial transport) by the flowing water, as well as corrasion by entrained solids."
https://registry.inspire.gv.at/codelist/SpecificHazardTypeValue/ductileFlow,http://www.w3.org/2004/02/skos/core#definition,deformation without apparent loss of continuity at the scale of observation.
https://registry.inspire.gv.at/codelist/SpecificHazardTypeValue/dustDevil,http://www.w3.org/2004/02/skos/core#notation,dustDevil
https://registry.inspire.gv.at/codelist/SpecificHazardTypeValue/ductileFlow,http://purl.org/dc/terms/subject,http://inspire.ec.europa.eu/theme/nz
https://registry.inspire.gv.at/codelist/SpecificHazardTypeValue/snowAvalanche,http://purl.org/dc/terms/subject,http://inspire.ec.europa.eu/theme/nz
https://registry.inspire.gv.at/codelist/SpecificHazardTypeValue,http://www.w3.org/2004/02/skos/core#scopeNote,INSPIRE governance level: national-technical
https://registry.inspire.gv.at/codelist/SpecificHazardTypeValue/massWasting,http://www.w3.org/2004/02/skos/core#narrower,https://registry.inspire.gv.at/codelist/SpecificHazardTypeValue/snowAvalanche
https://registry.inspire.gv.at/codelist/SpecificHazardTypeValue/flood,http://purl.org/dc/terms/subject,http://inspire.ec.europa.eu/theme/nz
https://registry.inspire.gv.at/codelist/SpecificHazardTypeValue/wind,http://www.w3.org/2000/01/rdf-schema#seeAlso,national-technical
https://registry.inspire.gv.at/codelist/SpecificHazardTypeValue/dustDevil,http://purl.org/dc/terms/subject,http://inspire.ec.europa.eu/theme/nz
https://registry.inspire.gv.at/codelist/SpecificHazardTypeValue/hail,http://www.w3.org/2004/02/skos/core#definition,ice pellets or small hail (less than 5mm diameter in the Range with 20mm or more
https://registry.inspire.gv.at/codelist/SpecificHazardTypeValue/massWasting,http://www.w3.org/2004/02/skos/core#narrower,https://registry.inspire.gv.at/codelist/SpecificHazardTypeValue/ductileFlow
https://registry.inspire.gv.at/codelist/SpecificHazardTypeValue/wind,http://www.w3.org/2004/02/skos/core#narrower,https://registry.inspire.gv.at/codelist/SpecificHazardTypeValue/blindtromben
https://registry.inspire.gv.at/codelist/SpecificHazardTypeValue/fluviatileErosion,http://www.w3.org/2004/02/skos/core#topConceptOf,https://registry.inspire.gv.at/codelist/SpecificHazardTypeValue
https://registry.inspire.gv.at/codelist/SpecificHazardTypeValue/continuousRain,http://www.w3.org/2004/02/skos/core#prefLabel,continuous rain
https://registry.inspire.gv.at/codelist/SpecificHazardTypeValue,http://www.w3.org/2004/02/skos/core#hasTopConcept,https://registry.inspire.gv.at/codelist/SpecificHazardTypeValue/wind
https://registry.inspire.gv.at/codelist/SpecificHazardTypeValue/landslide,http://www.w3.org/2000/01/rdf-schema#seeAlso,national-technical
https://registry.inspire.gv.at/codelist/SpecificHazardTypeValue/snowAvalanche,http://www.w3.org/1999/02/22-rdf-syntax-ns#type,http://www.w3.org/2004/02/skos/core#Concept
https://registry.inspire.gv.at/codelist/SpecificHazardTypeValue/flood,http://www.w3.org/2004/02/skos/core#prefLabel,flood
https://registry.inspire.gv.at/codelist/SpecificHazardTypeValue/gustnado,http://www.w3.org/2000/01/rdf-schema#seeAlso,national-technical
https://registry.inspire.gv.at/codelist/SpecificHazardTypeValue/blindtromben,http://www.w3.org/2004/02/skos/core#definition,"In meteorology, a cloud column or inverted cloud cone, pendant from a cloud base. This supplementary feature occurs mostly with cumulus and cumulonimbus; when it reaches the earth's surface it constitutes the cloudy manifestation of an intense vortex, namely, a tornado or waterspout."
https://registry.inspire.gv.at/codelist/SpecificHazardTypeValue/flood,http://www.w3.org/2004/02/skos/core#inScheme,https://registry.inspire.gv.at/codelist/SpecificHazardTypeValue
https://registry.inspire.gv.at/codelist/SpecificHazardTypeValue/flood,http://www.w3.org/1999/02/22-rdf-syntax-ns#type,http://www.w3.org/2004/02/skos/core#Concept
https://registry.inspire.gv.at/codelist/SpecificHazardTypeValue/wind,http://www.w3.org/2004/02/skos/core#topConceptOf,https://registry.inspire.gv.at/codelist/SpecificHazardTypeValue
https://registry.inspire.gv.at/codelist/SpecificHazardTypeValue/precipitation,http://www.w3.org/2004/02/skos/core#narrower,https://registry.inspire.gv.at/codelist/SpecificHazardTypeValue/fog
https://registry.inspire.gv.at/codelist/SpecificHazardTypeValue/fluviatileErosion,http://www.w3.org/2000/01/rdf-schema#seeAlso,national-technical
https://registry.inspire.gv.at/codelist/SpecificHazardTypeValue,http://www.w3.org/2004/02/skos/core#scopeNote,"INSPIRE extensibility: open, internal by value"
https://registry.inspire.gv.at/codelist/SpecificHazardTypeValue/gustnado,http://www.w3.org/2004/02/skos/core#notation,gustnado
https://registry.inspire.gv.at/codelist/SpecificHazardTypeValue/dustDevil,http://www.w3.org/2004/02/skos/core#prefLabel,dust devil
https://registry.inspire.gv.at/codelist/SpecificHazardTypeValue/snowAvalanche,http://www.w3.org/2004/02/skos/core#definition,A snow mass with typically a volume greater than 100 m3 and a minimum length of 50 meters that slides rapidly downhill.
https://registry.inspire.gv.at/codelist/SpecificHazardTypeValue/tornado,http://www.w3.org/2004/02/skos/core#definition,"A rotating column of air, in contact with the surface, pendant from a cumuliform cloud, and often visible as a funnel cloud and/or circulating debris/dust at the ground."
https://registry.inspire.gv.at/codelist/SpecificHazardTypeValue/massWasting,http://www.w3.org/2004/02/skos/core#narrower,https://registry.inspire.gv.at/codelist/SpecificHazardTypeValue/rockfall
https://registry.inspire.gv.at/codelist/SpecificHazardTypeValue/snowPressure,http://www.w3.org/ns/adms#status,http://inspire.ec.europa.eu/registry/status/valid
https://registry.inspire.gv.at/codelist/SpecificHazardTypeValue/fluviatileErosion,http://purl.org/dc/terms/conformsTo,http://inspire.ec.europa.eu/applicationschema/nz-core
https://registry.inspire.gv.at/codelist/SpecificHazardTypeValue/wind,http://www.w3.org/2004/02/skos/core#inScheme,https://registry.inspire.gv.at/codelist/SpecificHazardTypeValue
https://registry.inspire.gv.at/codelist/SpecificHazardTypeValue/heavySnowfall,http://www.w3.org/2004/02/skos/core#prefLabel,heavy snowfall
https://registry.inspire.gv.at/codelist/SpecificHazardTypeValue,http://purl.org/dc/terms/subject,http://inspire.ec.europa.eu/theme/nz
https://registry.inspire.gv.at/codelist/SpecificHazardTypeValue/heatWave,http://www.w3.org/ns/adms#status,http://inspire.ec.europa.eu/registry/status/valid
https://registry.inspire.gv.at/codelist/SpecificHazardTypeValue/dustDevil,http://www.w3.org/2004/02/skos/core#definition,"Dust devils are occasionally strong enough to cause minor damage (up to EF0 on the Enhanced Fujita scale). Diameters range from about 3 m to greater than 30 m; their average height is about 200 m, but a few have been observed as high as 1 km or more. They have been observed to rotate anticyclonically as well as cyclonically. Although the vertical velocity is predominantly upward, the flow along the axis of large dust devils may be downward. Large dust devils may also contain secondary vortices. Dust devils are best developed on a hot, calm afternoon with clear skies, in a dry region when intense surface heating causes a very steep lapse rate of temperature in the lowest 100 m of the atmosphere."
https://registry.inspire.gv.at/codelist/SpecificHazardTypeValue/massWasting,http://www.w3.org/2004/02/skos/core#narrower,https://registry.inspire.gv.at/codelist/SpecificHazardTypeValue/landslide
https://registry.inspire.gv.at/codelist/SpecificHazardTypeValue/precipitation,http://www.w3.org/2004/02/skos/core#prefLabel,precipitation
https://registry.inspire.gv.at/codelist/SpecificHazardTypeValue/mudflow,http://www.w3.org/2004/02/skos/core#broader,https://registry.inspire.gv.at/codelist/SpecificHazardTypeValue/massWasting
https://registry.inspire.gv.at/codelist/SpecificHazardTypeValue/heavyRain,http://www.w3.org/ns/adms#status,http://inspire.ec.europa.eu/registry/status/valid
https://registry.inspire.gv.at/codelist/SpecificHazardTypeValue/continuousRain,http://www.w3.org/ns/adms#status,http://inspire.ec.europa.eu/registry/status/valid
https://registry.inspire.gv.at/codelist/SpecificHazardTypeValue/ductileFlow,http://www.w3.org/1999/02/22-rdf-syntax-ns#type,http://www.w3.org/2004/02/skos/core#Concept
https://registry.inspire.gv.at/codelist/SpecificHazardTypeValue/groundSubsidence,http://www.w3.org/ns/adms#status,http://inspire.ec.europa.eu/registry/status/valid
https://registry.inspire.gv.at/codelist/SpecificHazardTypeValue/rockfall,http://purl.org/dc/terms/conformsTo,http://inspire.ec.europa.eu/applicationschema/nz-core
https://registry.inspire.gv.at/codelist/SpecificHazardTypeValue/snowPressure,http://purl.org/dc/terms/subject,http://inspire.ec.europa.eu/theme/nz
https://registry.inspire.gv.at/codelist/SpecificHazardTypeValue/groundSubsidence,http://www.w3.org/1999/02/22-rdf-syntax-ns#type,http://www.w3.org/2004/02/skos/core#Concept
https://registry.inspire.gv.at/codelist/SpecificHazardTypeValue/coldWave,http://purl.org/dc/terms/conformsTo,http://inspire.ec.europa.eu/applicationschema/nz-core
https://registry.inspire.gv.at/codelist/SpecificHazardTypeValue/wind,http://www.w3.org/2004/02/skos/core#narrower,https://registry.inspire.gv.at/codelist/SpecificHazardTypeValue/dustDevil
https://registry.inspire.gv.at/codelist/SpecificHazardTypeValue/fluviatileErosion,http://www.w3.org/1999/02/22-rdf-syntax-ns#type,http://www.w3.org/2004/02/skos/core#Concept
https://registry.inspire.gv.at/codelist/SpecificHazardTypeValue/dustDevil,http://www.w3.org/ns/adms#status,http://inspire.ec.europa.eu/registry/status/valid
https://registry.inspire.gv.at/codelist/SpecificHazardTypeValue/heatWave,http://purl.org/dc/terms/subject,http://inspire.ec.europa.eu/theme/nz
https://registry.inspire.gv.at/codelist/SpecificHazardTypeValue/snowAvalanche,http://purl.org/dc/terms/conformsTo,http://inspire.ec.europa.eu/applicationschema/nz-core
https://registry.inspire.gv.at/codelist/SpecificHazardTypeValue/ductileFlow,http://purl.org/dc/terms/conformsTo,http://inspire.ec.europa.eu/applicationschema/nz-core
https://registry.inspire.gv.at/codelist/SpecificHazardTypeValue/hail,http://www.w3.org/ns/adms#status,http://inspire.ec.europa.eu/registry/status/valid
https://registry.inspire.gv.at/codelist/SpecificHazardTypeValue/thunderstorm,http://www.w3.org/ns/adms#status,http://inspire.ec.europa.eu/registry/status/valid
https://registry.inspire.gv.at/codelist/SpecificHazardTypeValue/groundSubsidence,http://purl.org/dc/terms/conformsTo,http://inspire.ec.europa.eu/applicationschema/nz-core
https://registry.inspire.gv.at/codelist/SpecificHazardTypeValue/coldWave,http://www.w3.org/2004/02/skos/core#notation,coldWave
https://registry.inspire.gv.at/codelist/SpecificHazardTypeValue,http://www.w3.org/2004/02/skos/core#hasTopConcept,https://registry.inspire.gv.at/codelist/SpecificHazardTypeValue/massWasting
https://registry.inspire.gv.at/codelist/SpecificHazardTypeValue/continuousRain,http://purl.org/dc/terms/subject,http://inspire.ec.europa.eu/theme/nz
https://registry.inspire.gv.at/codelist/SpecificHazardTypeValue/fog,http://www.w3.org/2004/02/skos/core#notation,fog
https://registry.inspire.gv.at/codelist/SpecificHazardTypeValue/rockfall,http://www.w3.org/2004/02/skos/core#prefLabel,rockfall
https://registry.inspire.gv.at/codelist/SpecificHazardTypeValue/flood,http://purl.org/dc/terms/conformsTo,http://inspire.ec.europa.eu/applicationschema/nz-core
https://registry.inspire.gv.at/codelist/SpecificHazardTypeValue/coldWave,http://www.w3.org/2004/02/skos/core#prefLabel,cold wave
https://registry.inspire.gv.at/codelist/SpecificHazardTypeValue/coldWave,http://www.w3.org/2004/02/skos/core#definition,"Popularly, a period of very cold weather."
https://registry.inspire.gv.at/codelist/SpecificHazardTypeValue/fog,http://purl.org/dc/terms/subject,http://inspire.ec.europa.eu/theme/nz
https://registry.inspire.gv.at/codelist/SpecificHazardTypeValue/dustDevil,http://purl.org/dc/terms/conformsTo,http://inspire.ec.europa.eu/applicationschema/nz-core
https://registry.inspire.gv.at/codelist/SpecificHazardTypeValue/landslide,http://www.w3.org/2004/02/skos/core#broader,https://registry.inspire.gv.at/codelist/SpecificHazardTypeValue/massWasting
https://registry.inspire.gv.at/codelist/SpecificHazardTypeValue/heavyRain,http://purl.org/dc/terms/subject,http://inspire.ec.europa.eu/theme/nz
https://registry.inspire.gv.at/codelist/SpecificHazardTypeValue/massWasting,http://www.w3.org/ns/adms#status,http://inspire.ec.europa.eu/registry/status/valid
https://registry.inspire.gv.at/codelist/SpecificHazardTypeValue/groundSubsidence,http://www.w3.org/2004/02/skos/core#definition,"Subsidence is the sinking or settling of the ground surface. It can occur by a number of methods. Ground subsidence can result from the settlement of native low density soils, or the caving in of natural or man-made underground voids."
https://registry.inspire.gv.at/codelist/SpecificHazardTypeValue/mudflow,http://purl.org/dc/terms/subject,http://inspire.ec.europa.eu/theme/nz
https://registry.inspire.gv.at/codelist/SpecificHazardTypeValue,http://purl.org/dc/terms/publisher,https://registry.inspire.gv.at/dataprovider/0005
https://registry.inspire.gv.at/codelist/SpecificHazardTypeValue/blindtromben,http://www.w3.org/2004/02/skos/core#notation,blindtromben
https://registry.inspire.gv.at/codelist/SpecificHazardTypeValue/rockfall,http://www.w3.org/2000/01/rdf-schema#seeAlso,national-technical
https://registry.inspire.gv.at/codelist/SpecificHazardTypeValue/tornado,http://purl.org/dc/terms/subject,http://inspire.ec.europa.eu/theme/nz
https://registry.inspire.gv.at/codelist/SpecificHazardTypeValue/blindtromben,http://purl.org/dc/terms/subject,http://inspire.ec.europa.eu/theme/nz
https://registry.inspire.gv.at/codelist/SpecificHazardTypeValue/coldWave,http://www.w3.org/2000/01/rdf-schema#seeAlso,national-technical
https://registry.inspire.gv.at/codelist/SpecificHazardTypeValue/ductileFlow,http://www.w3.org/2004/02/skos/core#inScheme,https://registry.inspire.gv.at/codelist/SpecificHazardTypeValue
https://registry.inspire.gv.at/codelist/SpecificHazardTypeValue,http://www.w3.org/2004/02/skos/core#hasTopConcept,https://registry.inspire.gv.at/codelist/SpecificHazardTypeValue/flood
https://registry.inspire.gv.at/codelist/SpecificHazardTypeValue/massWasting,http://purl.org/dc/terms/subject,http://inspire.ec.europa.eu/theme/nz
https://registry.inspire.gv.at/codelist/SpecificHazardTypeValue/snowAvalanche,http://www.w3.org/2000/01/rdf-schema#seeAlso,national-technical
https://registry.inspire.gv.at/codelist/SpecificHazardTypeValue/groundSubsidence,http://www.w3.org/2004/02/skos/core#inScheme,https://registry.inspire.gv.at/codelist/SpecificHazardTypeValue
https://registry.inspire.gv.at/codelist/SpecificHazardTypeValue/ductileFlow,http://www.w3.org/2000/01/rdf-schema#seeAlso,national-technical
https://registry.inspire.gv.at/codelist/SpecificHazardTypeValue/precipitation,http://www.w3.org/2004/02/skos/core#narrower,https://registry.inspire.gv.at/codelist/SpecificHazardTypeValue/heavyRain
https://registry.inspire.gv.at/codelist/SpecificHazardTypeValue,http://purl.org/dc/terms/conformsTo,http://inspire.ec.europa.eu/applicationschema/nz-core
https://registry.inspire.gv.at/codelist/SpecificHazardTypeValue/rockfall,http://www.w3.org/2004/02/skos/core#definition,"is the falling of a newly detached mass of rock from a cliff or down a very steep slope. Rocks in a rockfall can be of any dimension, from the size of baseballs to houses."
https://registry.inspire.gv.at/codelist/SpecificHazardTypeValue/dustDevil,http://www.w3.org/2004/02/skos/core#inScheme,https://registry.inspire.gv.at/codelist/SpecificHazardTypeValue
https://registry.inspire.gv.at/codelist/SpecificHazardTypeValue/flood,http://www.w3.org/2000/01/rdf-schema#seeAlso,national-technical
https://registry.inspire.gv.at/codelist/SpecificHazardTypeValue/dustDevil,http://www.w3.org/1999/02/22-rdf-syntax-ns#type,http://www.w3.org/2004/02/skos/core#Concept
https://registry.inspire.gv.at/codelist/SpecificHazardTypeValue/tornado,http://www.w3.org/ns/adms#status,http://inspire.ec.europa.eu/registry/status/valid
https://registry.inspire.gv.at/codelist/SpecificHazardTypeValue/blindtromben,http://www.w3.org/ns/adms#status,http://inspire.ec.europa.eu/registry/status/valid
https://registry.inspire.gv.at/codelist/SpecificHazardTypeValue/landslide,http://purl.org/dc/terms/subject,http://inspire.ec.europa.eu/theme/nz
https://registry.inspire.gv.at/codelist/SpecificHazardTypeValue/landslide,http://www.w3.org/2004/02/skos/core#definition,"Processes of downhill slope movements of soil, rock, and organicMaterials related to different types of ground failure."
https://registry.inspire.gv.at/codelist/SpecificHazardTypeValue/dustDevil,http://www.w3.org/2000/01/rdf-schema#seeAlso,national-technical
https://registry.inspire.gv.at/codelist/SpecificHazardTypeValue/hail,http://www.w3.org/2004/02/skos/core#inScheme,https://registry.inspire.gv.at/codelist/SpecificHazardTypeValue
https://registry.inspire.gv.at/codelist/SpecificHazardTypeValue/hail,http://www.w3.org/1999/02/22-rdf-syntax-ns#type,http://www.w3.org/2004/02/skos/core#Concept
https://registry.inspire.gv.at/codelist/SpecificHazardTypeValue/groundSubsidence,http://www.w3.org/2004/02/skos/core#notation,groundSubsidence
https://registry.inspire.gv.at/codelist/SpecificHazardTypeValue/thunderstorm,http://www.w3.org/2004/02/skos/core#notation,thunderstorm
https://registry.inspire.gv.at/codelist/SpecificHazardTypeValue/rockfall,http://www.w3.org/2004/02/skos/core#notation,rockfall
https://registry.inspire.gv.at/codelist/SpecificHazardTypeValue/dustDevil,http://www.w3.org/2004/02/skos/core#broader,https://registry.inspire.gv.at/codelist/SpecificHazardTypeValue/wind
https://registry.inspire.gv.at/codelist/SpecificHazardTypeValue/heavySnowfall,http://www.w3.org/2004/02/skos/core#notation,heavySnowfall
https://registry.inspire.gv.at/codelist/SpecificHazardTypeValue/fog,http://www.w3.org/2004/02/skos/core#prefLabel,fog
https://registry.inspire.gv.at/codelist/SpecificHazardTypeValue/rockfall,http://www.w3.org/ns/adms#status,http://inspire.ec.europa.eu/registry/status/valid
https://registry.inspire.gv.at/codelist/SpecificHazardTypeValue/hail,http://www.w3.org/2004/02/skos/core#prefLabel,hail
https://registry.inspire.gv.at/codelist/SpecificHazardTypeValue/snowPressure,http://purl.org/dc/terms/conformsTo,http://inspire.ec.europa.eu/applicationschema/nz-core
https://registry.inspire.gv.at/codelist/SpecificHazardTypeValue/rockfall,http://www.w3.org/1999/02/22-rdf-syntax-ns#type,http://www.w3.org/2004/02/skos/core#Concept
https://registry.inspire.gv.at/codelist/SpecificHazardTypeValue/flood,http://www.w3.org/2004/02/skos/core#topConceptOf,https://registry.inspire.gv.at/codelist/SpecificHazardTypeValue
https://registry.inspire.gv.at/codelist/SpecificHazardTypeValue,http://purl.org/dc/terms/title,Specific Hazard Type
https://registry.inspire.gv.at/codelist/SpecificHazardTypeValue/precipitation,http://purl.org/dc/terms/subject,http://inspire.ec.europa.eu/theme/nz
https://registry.inspire.gv.at/codelist/SpecificHazardTypeValue/fog,http://www.w3.org/ns/adms#status,http://inspire.ec.europa.eu/registry/status/valid
https://registry.inspire.gv.at/codelist/SpecificHazardTypeValue,http://www.w3.org/2004/02/skos/core#hasTopConcept,https://registry.inspire.gv.at/codelist/SpecificHazardTypeValue/fluviatileErosion
https://registry.inspire.gv.at/codelist/SpecificHazardTypeValue/continuousRain,http://www.w3.org/2004/02/skos/core#notation,continuousRain
https://registry.inspire.gv.at/codelist/SpecificHazardTypeValue/heatWave,http://purl.org/dc/terms/conformsTo,http://inspire.ec.europa.eu/applicationschema/nz-core
https://registry.inspire.gv.at/codelist/SpecificHazardTypeValue/thunderstorm,http://purl.org/dc/terms/subject,http://inspire.ec.europa.eu/theme/nz
https://registry.inspire.gv.at/codelist/SpecificHazardTypeValue/heavySnowfall,http://www.w3.org/ns/adms#status,http://inspire.ec.europa.eu/registry/status/valid
https://registry.inspire.gv.at/codelist/SpecificHazardTypeValue/gustnado,http://www.w3.org/2004/02/skos/core#prefLabel,gustnado
https://registry.inspire.gv.at/codelist/SpecificHazardTypeValue/tornado,http://www.w3.org/2004/02/skos/core#prefLabel,tornado
https://registry.inspire.gv.at/codelist/SpecificHazardTypeValue,http://purl.org/dc/terms/created,2026-05-05T14:30:11+00:00
https://registry.inspire.gv.at/codelist/SpecificHazardTypeValue/massWasting,http://www.w3.org/2004/02/skos/core#narrower,https://registry.inspire.gv.at/codelist/SpecificHazardTypeValue/snowPressure
https://registry.inspire.gv.at/codelist/SpecificHazardTypeValue/continuousRain,http://purl.org/dc/terms/conformsTo,http://inspire.ec.europa.eu/applicationschema/nz-core
https://registry.inspire.gv.at/codelist/SpecificHazardTypeValue/fog,http://purl.org/dc/terms/conformsTo,http://inspire.ec.europa.eu/applicationschema/nz-core
https://registry.inspire.gv.at/codelist/SpecificHazardTypeValue/heavyRain,http://purl.org/dc/terms/conformsTo,http://inspire.ec.europa.eu/applicationschema/nz-core
https://registry.inspire.gv.at/codelist/SpecificHazardTypeValue/gustnado,http://www.w3.org/2004/02/skos/core#definition,"Colloquial expression for a short-lived, shallow, generally weak, vertically oriented vortex found along a gust front. Gustnadoes are usually visualized by a rotating dust or debris cloud."
https://registry.inspire.gv.at/codelist/SpecificHazardTypeValue/heatWave,http://www.w3.org/2004/02/skos/core#topConceptOf,https://registry.inspire.gv.at/codelist/SpecificHazardTypeValue
https://registry.inspire.gv.at/codelist/SpecificHazardTypeValue/heavySnowfall,http://purl.org/dc/terms/subject,http://inspire.ec.europa.eu/theme/nz
https://registry.inspire.gv.at/codelist/SpecificHazardTypeValue/precipitation,http://www.w3.org/2004/02/skos/core#narrower,https://registry.inspire.gv.at/codelist/SpecificHazardTypeValue/continuousRain
https://registry.inspire.gv.at/codelist/SpecificHazardTypeValue/mudflow,http://purl.org/dc/terms/conformsTo,http://inspire.ec.europa.eu/applicationschema/nz-core
https://registry.inspire.gv.at/codelist/SpecificHazardTypeValue/heavyRain,http://www.w3.org/2004/02/skos/core#prefLabel,heavy rain
